reclat,reclon
42.9524976,-78.83001517
42.95418476,-78.82638182
42.95598465,-78.90309873
